decision_id,decision_month,material_code,month_idx,demand_ton,open_po_ton,expected_unit_cost_per_ton
RAW_SUGAR_2021-12,2021-12,RAW_SUGAR,1,25985.32789876328,5000.0,655.098
RAW_SUGAR_2021-12,2021-12,RAW_SUGAR,2,25830.23157133036,5000.0,661.1468
RAW_SUGAR_2021-12,2021-12,RAW_SUGAR,3,27901.342611299253,0.0,656.7376
RAW_SUGAR_2021-12,2021-12,RAW_SUGAR,4,27481.8202572661,0.0,646.3236
